Paper	Ecoregion	BIOME	Type_of_Species	Species	WU	MUWM	CARN	DOM	HARE	SM	BIRD	REPT	FISH	ARTHR	PLANTS	OTHER	WASTE	Percentage
1971_Bothma	548	10	3	SF	0,62		0,00	0,00	3,11	24,84	7,45	0,62		14,91	19,88	13,04	15,53	100,00
1971_Bothma	548	10	1	SSJ	6,67			3,33		3,33	10,00	13,33		13,33	26,67	23,33		100,00
1971_Bothma	548	10	4	Viverra_civeta	2,17					6,52	8,70	4,35		21,74	28,26	21,74	6,52	100,00
1977_Stuart	1110	9	2	WC						46,41	5,64	0,09		41,19	6,68			100,00
1978_Delibes	86	2	4	Mart					2,84	26,48	11,08	2,27	1,42	21,31	32,48	2,27		100,15
1978_Fritts	201	8	2	BC	12,57	1,05	7,85	1,05	30,37	34,03	6,28	1,05				5,76		100,00
1978_Lamprecht	512	3	1	AGW	2,28	15,98				10,05	1,37	0,00		45,66	23,29		1,37	100,00
1981_Stuart	1008	4	3	BEF						2,18	0,87	0,87		82,97	11,79	1,31		100,00
1981_Stuart	1008	4	3	CF				10,26		16,67	5,13	5,13		46,15	10,26	6,41		100,00
1981_Stuart	1008	4	1	BBJ	3,19	0,53	1,06	14,89	2,66	18,09	10,64	2,66		6,38	21,81	18,09		100,00
1981_Stuart	1008	4	2	AWC		2,86		5,71		54,29	17,14	2,86		8,57	8,57			100,00
1982_MacCracken	1072	7	1	Coyote			3,90	6,10	14,40	8,30	15,90	0,00			38,50		13,70	100,80
1983_Guitian	86	2	3	RF	0		0,21		0,64	18,82	2,37	0,43	0	38,96	38,09			99,52
1983_Guitian	86	2	4	Martes	0		0		0,34	19,34	2,62	0,75	0	7,45	69,46			99,96
1983_Guitian	86	2	2	WC	0		0		0	43,47	8,69	8,69	0	39,13	0			99,98
1984_McShane	506	Sahel	1	AGW	0,9			6,1229740159506	7924	15822	6097	0,18		18163	21405		23386	100,00
1986_Khan	1044	9	1	EUGJ		1,8				79,6	15,9					2,7		100,00
1986_Litvaitis	183	8	2	BC	12,77	9,06			52,11	12,77	13,29	0,00						100,00
1986_Ragni	376	2	2	WC						95,65	4,35	0,00						100,00
1986_Waitmer	101	8	1	Coyote	6,93	49,48	0,62		6,31	28,11	0,40	0,20		0,21	4,69	3,05		100,00
1986_Waitmer	101	8	2	BC	9,34	55,11	0,30		4,82	25,92		0,00				4,51		100,00
1987_Major	183	8	1	Coyote	38,11	2,41	0,15		40,44	5,61	4,42	0		1,36	7,44	0,42		100,36
1987_Major	183	8	2	BC	31,6	3,17			50,46	7,4	7,36	0						99,99
1987_Major	183	8	3	RF	5,81	0,30			35,71	28,35	8,29	0,00		4,46	16,79	0,29		100,00
1987_Palmer	1008	9	2	AWC						52,38	9,52	0,00		38,10				100,00
1988_Papageorgiou	763	1	3	RF	2,82		3,71	7,82	0,56	13,12	14,91	3,68		21,47	29,18		2,72	99,99
1988_Sankar	412	6	1	EUGJ	3,50					26,50	24,10			4,10	36,50	5,3		100,00
1992_Geffen.Ein_Gedi	832	9	3	BF							1,93	0,28		78,94	14,14	1,67	3,03	99,99
1992_Geffen.Eilat	832	9	3	BF							1,79	6,02		81,58	4,67	1,46	4,54	100,06
1992_Jedrzejewski	98	2	3	RF	24,62				6,58	51,08	5,74	1,35		1,86	7,08	0,51	1,19	100,00
1992_Kok	1008	4	3	BEF						5,03	0,30	2,38		37,60	38,18	0,91	15,66	100,08
1993_Jedrzejewski	98	2	4	Martes	3,25	5,84	0,14		0,36	57,38	5,03	6,76		9,42	11,42		0,36	99,96
1993_Koehler	11	8	1	Coyote	33,31			12,69	4,35	41,37	2,12	1,45		1,09	1,44	2,17		99,99
1993_Koehler	11	8	2	BC	16,08		0,00	9,84	4,92	64,67	3,57	0,00	0,00	0,00	0,00	0,90	0,00	99,99
1994_Tatara	244	5	4	Martes	0,00		0,00	0,00	0,00	9,86	2,46	1,66	4,60	21,35	54,81	5,26	0,00	100,00
1994_Tatara	244	5	2	LC	0,00		0,00	0,00	0,00	35,96	14,33	8,76	0,47	9,54	30,94	0,00	0,00	100,00
1995_Clevenger	86	2	4	Martes	0,00	0,06	0,00	0,00	3,13	19,40	19,84	2,38	0,00	27,60	25,28	2,00	0,31	100,00
1995_White	1073	7	1	Coyote	13,48		0,00	3,34	12,39	31,55	2,59	2,08	0,00	28,63	7,39		0,00	101,45
1995_White	1073	7	3	KF	1,19		0,00	0,77	4,88	47,70	9,45	1,52	0,00	34,27	0,53		0,00	100,30
1996_Cavallini.Old	1125	1	3	RF	4,54			12,00		15,00	14,85	0,00		27,00	19,61		9,08	102,08
1996_Cavallini.Recent	1125	1	3	RF	5,00			7,00		20,00	10,00	0,00		22,50	32,00	0,20	4,00	100,70
1996_Sarmento	1120	1	2	WC	0,00		0,00	0,00	7,49	57,78	11,73	12,72	100,00	1156	9080	0	0	199,96
1997_Harrison.Residential	777	9	3	GF	0,00		0,82	0,00	12,45	14,64	4,87	0,41	0,00	10,68	41,40	13,77	0,95	100,00
1997_Harrison.Undeveloped	777	9	3	GF	0,00		0,00	0,00	1,32	19,23	2,59	0,00	0,00	10,18	53,82	12,86	0,00	100,00
1998_Gil-Sanchez	1120	1	2	WC	0,00		0,00	0,00	26,27	66,52	5,50	1,69	0,00	0,00	0,00	0,00	0,00	99,98
1998_Kauhala	508	2	3	RF	0,00	3,58	0,00	0,00	21,50	34,64	20,4778156996587	0	2,55972696245734	11,0921501706485	4,60750853242321	1,5358361774744	0	100,00
1998_Litvaitis	183	8	2	BC	15,38		0,00	0,00	63,43	12,43	5,12	0,00	0,00	0,73	2,91	0,00	0,00	99,99
1998_Litvaitis	183	8	1	Coyote	18,10		0,00	0,00	25,94	11,73	3,50	0,00	0,00	2,82	37,90	0,00	0,00	99,99
1999_Gil-Sánchez	1120	1	2	WC					41,64	49,12	5,14	4,10						100,00
1999_Lanzski	206	2	3	RF	14,07			10,08		43,68	6,11	0,89	0,81	7,96	16,40			100,00
1999_Lanzski	206	2	4	Martes	1,31			7,54		27,47	9,16	0,27	0,40	18,83	35,00			100,00
1999_Macdonald	832	9	3	RF	0,00	4,00	0,00	0,00	2,61	10,20	8,41	3,45		23,64	21,38	2,12	28,18	104,00
2000_Grassman	99	6	2	LC					8,00	64,00		20,00			4,00			96,00
2001_Baltrunaite	98	2	3	RF	3936		0,37		2,18	43,51	4,31	2,18		14,36	26,97	0,37	1,81	100,00
2001_Baltrunaite	98	2	4	Martes	2,19		0,89		0,89	41,14	8,35	0,89		15,81	28,06	0,89	0,89	100,00
2001_Carvalho	86	2	3	RF					12,57	44,64	6,93	5,00		17,64	11,35	1,86		100,00
2001_Carvalho	86	2	4	Martes					10,79	62,13	1,82	7,21		12,61	2,72	2,72		100,00
2001_Neale	1073	7	3	RF	7,20				4,61	31,51	6,82	4,47		8,08	38,79			101,48
2001_Neale	1073	7	1	Coyote	26,71				5,93	25,51	4,99	4,78		7,79	24,31			100,02
2001_Neale	1073	7	2	BC	11,10				17,05	46,56	7,01	11,09		4,27	2,94			100,02
2002_Baltrunaite	98	2	3	RF	13,32		0,05	1,71	1,58	52,26	2,94	1,03		9,63	17,40		0,08	100,00
2002_Baltrunaite	98	2	4	Martes	5,06		0,00	1,04	1,50	38,95	13,89	0,95		16,56	21,90		0,16	100,00
2002_Lanzski.Mike_Csököly	206	2	1	EUGJ	23,53		1,96	0,00	1,96	43,14	1,96	5,88	0,00	15,69	5,88			100,00
2002_Lanzski.Mike_Csököly	206	2	3	RF	34,62		0,00	0,00	0,00	34,62	23,07	0,00	0,00	0,00	7,69			100,00
2002_Lanzski.Mike_Petesmalom	206	2	3	RF	18,95		0,50	1,27	0,50	43,20	6,27	2,47	9,09	7,47	10,25			99,96
2002_Padial mesic	1120	1	4	Martes	1,07		0,00	5,96	1,07	26,07	1,12	2,75		19,21	35,67	6,52	0,56	100,00
2002_Padial mesic	1120	1	3	RF	8,76		1,59	10,35	0,00	25,59	2,47	0,82		19,24	27,18	4,00	0,00	100,00
2002_Padial xeric	1120	1	4	Martes	0,72		0,57	0,14	2,37	20,66	2,30	1,51		11,97	56,32	2,51	0,93	100,00
2002_Padial xeric	1120	1	3	RF	5,57		1,69	5,57	13,67	16,65	3,37	2,59		15,86	26,94	6,81	1,29	100,00
2002_Tryjanowski	206	2	2	WC	1,04		1,56		0,52	94,79	1,56					0,52		100,00
2003_Begg	1035	4	4	HB	1,73					37,27	1,12	48,95		10,92				100,00
2003_Kaunda	1035	4	1	BBJ	5,98	5,02		5,02		12,93	8,49	1,35		10,81	21,81	18,15	10,42	100,00
2003_Moleon.Chico_river	1120	1	2	WC	1,10		0,40	0,00	0,00	79,40	4,10	6,40		8,60		0,00		100,00
2003_Moleon.Tejos_ravine	1120	1	2	WC	2,20		0,70	0,70	2,20	78,50	10,30	3,00		1,40		0,70		99,70
2004_Carvalho	86	2	3	RF						8,88	40,49	8,35	2,44		18,84	17,89	3,11	100,00
2004_Carvalho	86	2	2	WC						16,06	50,62	4,63	5,49		14,70	5,17	3,33	100,00
2004_Carvalho	86	2	4	Martes						5,94	62,63	10,76	5,54		5,45	8,38	1,32	100,00
2004_Cepak	401	8	1	Coyote	21,05	2,63	11,84		13,16	27,63	1,32			9,21	9,21	3,95		100,00
2004_Khan	826	6	2	LC						39,28	17,84	3598	3598	21439	14243			100,00
2004_Kok	445	10	3	CF		1,67	0,56	0,56	2,78	1,67	25,00	8,89	1,67	0,00	37,22		20,00	100,00
2004_Kok	445	10	1	BBJ		13,77	2,40	2,99	12,57	4,79	12,57	5,99	1,20	1,80	35,33		6,59	100,00
2004_Kok	445	10	2	WC		0,00	3,68	0,00	0,00	19,12	42,65	0,00	0,00	0,00	26,47		8,09	100,00
2004_Malo.Rabbit_area	1120	1	2	WC					50,62	37,50	5,63	3,13	2,50	0,63				100,00
2004_Malo.No_rabbit_area	1120	1	2	WC					1,52	79,53	9,08	9,84662576687117	0	0,024312656214497				100,00
2004_Mukherjee	159	6	2	JC	5,88					35,78	20,59	12,75		11,27	9,31		4,41	100,00
2004_Mukherjee	159	6	1	EUGJ	5,19					36,41	19,42	7,77		8,25	20,87		2,09	100,00
2004_Thornton	465	8	2	BC	4,60	0,00	0,00	0,00	30,70	52,20	9,20	3,10			0,00	0,00		99,80
2004_Thornton	465	8	1	Coyote	30,60	5,00	0,80	5,00	22,30	13,20	1,70	0,80			17,30	4,10		100,80
2004_Zielinski	231	8	4	Martes	0,66		12,21		1,65	27,72	9,24	2,97		18,81	10,56	2,64	13,53	100,00
2005_Biro 	206	2	2	WC	1,75		3,51		5,26	70,18	15,79				3,51			100,00
2005_Dell’Arte.Grassland	1127	1	2	WC					0,00	1,90	13,10		0,00	51,50	22,40		11,10	100,00
2005_Dell’Arte.Suburban	1127	1	2	WC					1,90	7,50	1,90		2,80	53,40	31,10		1,90	100,50
2006_Aiyadurai	1044	9	1	EUGJ	35,90			24,39	9,15					5,11	18,29	7,16		100,00
2006_Azevedo	589	8	4	Badger	0,00	0,00			1,31	52,94	30,72	4,04		8,38	2,61			100,00
2006_Azevedo	589	8	1	Coyote	10,01	4,15			2,89	29,60	34,87	0,00		13,50	4,97			100,00
2006_Azevedo	589	8	3	RF	0,00	4,97			0,00	41,78	41,72	0,00		10,03	1,51			100,00
2006_Baltrunaite	98	2	4	Martes	6,45		0,70		3,66	33,93	6,56	0,97	0,26	25,14	21,30		1,09	100,06
2006_Baltrunaite	98	2	3	RF	3,73		0,80		0,76	35,33	11,48	2,47	0,00	28,45	17,05		0,00	100,06
2006_Barrientos	1120	1	4	Martes	0,88				2,19	6,56	4,22	1,19		43,57	41,40			100,00
2006_Sidorovich.Clay_areas	98	2	3	RF	11,93	0,35	1,13		1,73	65,58	6,69	0,39	0,00	5,73	6,57	0,00		100,09
2006_Sidorovich.Clay_areas	98	2	4	Martes	6,13371040723982	0,065837104072398			0,365837104072398	36,6013574660633	13,5079185520362	3,37081447963801		17,8316742081448	21,781221719457			99,66
2006_Sidorovich.Sandy_areas	98	2	3	RF	17,30	0,14	0,60		4,57	35,13	6,49	7,10	0,60	12,04	15,43	0,60		100,00
2006_Sidorovich.Sandy_areas	98	2	4	Martes	20,01	0,00			0,79	18,95	7,46	9,87		18,14	24,78			100,00
2006_Sliwa	1008	4	2	BFC	0,05		0,19		0,66	58,01	14,23	0,80		26,05				100,00
2007_Jaeger.Ishurdi	166	6	1	EUGJ				7,19		44,60	22,30		1,44	6,47	12,23		5,76	100,00
2007_Jaeger.Mirzapur	166	6	1	EUGJ				7,69		43,08	23,85		1,54	7,69	9,23		6,92	100,00
2007_Lanzski	206	2	3	RF	9,31	0,27	0,28		0,19	36,93	6,86			21,75	22,19	2,57		100,34
2007_Lanzski	206	2	4	Martes	7,66	0,81	0,00		0,12	32,86	11,25			23,24	18,97	5,14		100,06
2007_McKinney	810	9	2	BC	3,33			0,28	15,96	67,21	7,45	1,14		0,28	4,16			99,81
2007_McKinney	810	9	1	Coyote	12,55			8,23	22,93	26,83	7,13	1,90		1,99	18,80			100,37
2007_Posluzny	98	2	4	Stone_marten	0,20				0,90	19,60	13,60			22,30	38,60	4,80		100,00
2007_Posluzny	98	2	4	Pine_marten	0,00				0,40	40,00	22,60			14,40	19,30	3,30		100,00
2007_Quinn	101	8	1	Coyote		5,40	3,30			6,80					60,40	20,70	3,40	100,00
2007_Zalewski	98	2	4	Pine_marten	12,76					29,40	16,78	14,25		16,16	6,97	3,70		100,00
2008_Lanzski	763	1	1	EUGJ	1,90		2,20	3,20	0,80	2,60	18,50	2,40	7,30	27,50	33,80			100,20
2008_Prigioni	376	2	3	RF	6,65				6,65	8,00	2,65			16,35	38,94	3,06	17,71	100,00
2008_Prigioni	376	2	4	Martes	0,19				0,00	1,79	4,20			17,97	48,67	0,00	27,18	100,00
2009_Herbst	1035	4	2	AWC	1,50					33,40	1,50	26,30		21,20	16,10			100,00
2009_Home	1044	9	3	IF				1,30	0,50	8,30	1,40	7,00		34,30	26,80	2,60	17,50	99,70
2009_Zhang		5	3	RF				4,68	5,84	84,24	1,63		1,31	0,13	1,93		0,24	100,00
2010_Aryal	56	5	3	RF	18,88	2,65		1,35		29,88	2,59			5,41	24,76		13,00	98,52
2010_Giannatos	763	1	1	EUGJ			15,80	14,70	5,50	5,10	12,00			18,00	27,30	1,60		100,00
2010_Hartova	98	2	3	RF	12,97		0,57	0,11	2,78	33,91	6,60	1,80	0,93	11,36	25,39		3,57	100,00
2010_Klare.Benfontein	1035	4	1	BBJ	14,01	0,24	1,04	0,72	5,12	15,69	6,16	1,20		12,25	37,63	5,92		100,00
2010_Klare.Rooipoort	1035	4	1	BBJ	14,10	0,81	1,08	0,18	2,44	6,24	1,45	1,18		7,23	61,75	3,53		100,00
2010_Lanzski.Greece	763	1	1	EUGJ	4,10		4,10	9,50	0,00	13,60	8,30	2,50		18,70	39,00			99,80
2010_Lanzski.Hungary	206	1	1	EUGJ	3,30		0,40	0,00	0,00	65,30	1,70	0,00		0,40	28,60			99,70
2010_Lanzski.Israel	763	1	1	EUGJ	0,60		1,20	1,10	0,60	4,60	35,80	1,10		13,10	42,00			100,10
2010_Oubellil	1127	1	1	AGW	8,72	5,49	0,37	4,57	0,55	5,43	8,78	0,62		12,80	40,17	0,70	11,80	100,00
2010_Papakosta	763	1	3	RF						22,42	3,30	1,79		34,29	30,01	8,19		100,00
2010_Papakosta	763	1	4	Martes						5,11	3,81	2,46		35,47	44,21	8,93		100,00
2010_Radovic	1121	1	1	EUGJ	9,84		3,94		3,54	0,39	12,60		0,79	14,96	29,53	11,81	12,20	99,61
2010_Sidorovich	98	2	3	RF	2,61	0,03	5,84	2,48	3,93	47,38	6,41	0,19	0,00	21,91	9,30			100,09
2010_Sidorovich	98	2	4	Martes	0,61	0,38	0,08	0,00	2,57	53,60	10,08	0,95	0,00	25,51	6,87			100,63
2010_Simeneh	473	3	1	AGW				1,28		57,05	1,28			14,10	22,44		3,85	100,00
2011_Kidawa	98	2	3	RF	10,57	0,25	4,28	1,16	1,11	39,22	10,67	0,45	0,91	0,91	25,98	2,92	1,56	100,00
2011_Kirkova	74	2	3	RF	16,69		6,19	4,23	4,23	37,76	14,20	1,81	0,60	0,60	8,69	2,49	2,49	100,00
2011_Kirkova	74	2	1	EUGJ	15,76		22,30	13,00	2,52	11,82	9,14	1,89	2,60	0,00	13,08	0,00	7,88	100,00
2011_Kirkova	74	2	2	WC	2,08		2,08	2,08	8,33	68,75	12,50	2,08	0,00	0,00	0,00	2,08	0,00	100,00
2011_Kirkova	74	2	4	Martes	10,00		3,34	6,67	10,00	40,00	3,34	3,34	0,00	16,67	6,66	0,00	0,00	100,00
2011_Klare (a)	1008	4	1	BBJ	28,00		0,30		5,50	23,70	5,50	0,60		3,90	27,70	4,80		100,00
2011_Klare (a)	1008	4	3	CF	0,30		0,00		3,00	67,50	5,10	0,00		9,30	10,50	4,50		100,20
2011_Klare (b)	1008	4	3	BEF						2,04	2,30	0,77		45,15	44,90	4,85		100,00
2011_Krofel	206	2	2	EuL	60,00		4,00	2,00	2,00	22,00	2,00				9,00			101,00
2011_Lanzski	206	2	4	Martes	1,09		0,18	0,09	0,82	38,06	11,17	0,82		16,35	31,43	0,00		100,00
2011_Majumder	97	6	1	EUGJ	31,10	5,40		1,80	10,90	40,00	3,60	7,20						100,00
2011_Majumder	97	6	2	JC	9,10	1,00		0,00	11,10	63,60	7,10	8,10						100,00
2011_Pineiro	86	2	2	WC					1,90	85,55	1,90	5,92		4,74				100,00
2012_Bakaloudis	763	1	4	Martes				2,79	0,56	10,61	10,61	6,70		31,28	28,49	7,26	1,68	100,00
2012_Borkowski	1062	1	1	EUGJ	3,14	4,52		16,44	0,00	11,67	14,93	8,78		10,54	25,47	0,00	4,52	100,00
2012_Chourasia	159	6	1	EUGJ	20,27	0,00		17,12	4,05	15,77	7,21	1,80		7,21	26,58		0,00	100,01
2012_Dowd	11	8	1	Coyote	38,90		3,10		8,30	35,70	0,20			0,20	13,90		0,30	100,60
2012_Markov	74	2	1	EUGJ					5,40	42,90	5,40	1,80		7,20	37,50			100,20
2012_Nadeem	57	5	1	EUGJ	0,70	0,70		15,20		13,80	7,50	0,70		2,10	51,00	5,50	2,80	100,00
2012_Remonti.Camino_&_Coniolo	376	2	4	Pine marten	0,00	0,93	0,00		8,34	11,12	12,97			12,97	53,66		0,00	100,00
2012_Remonti.Camino_&_Coniolo	376	2	3	RF	0,00	0,00	0,00		6,38	11,84	4,54			25,44	49,96		1,84	100,00
2012_Remonti.Valenza_&_San_Massimo	376	2	4	Pine marten	0,00	3,85	0,00		16,70	27,98	20,27			4,49	26,71		0,00	100,00
2012_Remonti.Valenza_&_San_Massimo	376	2	3	Red fox	1,24	4,84	1,25		17,52	25,07	18,73			14,67	16,05		0,64	100,00
2012_Shehzad.ANP	57	5	2	LC					0,00	62,07	25,86	10,34	1,72					100,00
2012_Shehzad.CGNP	57	5	2	LC					4,76	80,95	14,29	0,00	0,00					100,00
2012_Stoyanov	74	2	1	EUGJ	5,16		7,10	7,10	0,65	20,00	9,68	0,65	7,10	3,87	38,71			100,00
2013_Balestrieri	376	2	4	Martes		0,58			13,58	33,53	21,68			8,67	21,10	0,87		100,00
2013_Boskovic	206	2	1	EUGJ	32,61			20,65		17,75					28,99			100,00
2013_Cirovic.Averaged_Serbia	74	2	1	EUGJ	4,67		3,70	67,56	1,40	12,56	3,28	0,58			2,61		3,64	100,00
2013_Cirovic.Negotin	74	2	1	EUGJ	7,27		1,22	62,43	1,22	9,71	4,82	0,00			4,82		8,49	100,00
2013_Cirovic.Smederevo	74	2	1	EUGJ	0,00		4,72	76,36	0,80	14,94	0,80	0,00			2,39		0,00	100,00
2013_Cirovic.Surcin	74	2	1	EUGJ	3,78		3,78	69,91	0,00	18,76	0,00	0,00			3,78		0,00	100,00
2013_Cirovic.Svilajnac	74	2	1	EUGJ	5,92		3,97	66,45	0,00	17,75	3,97	0,00			1,95		0,00	100,00
2013_Cirovic.Velika_Plana	74	2	1	EUGJ	2,33		0,00	74,40	4,65	9,31	0,00	0,00			4,65		4,65	100,00
2013_Cirovic.Veliko_Gradiste	74	2	1	EUGJ	3,71		3,07	72,06	1,21	12,21	3,39	0,64			1,85		1,85	100,00
2013_Mahmood	57	5	1	EUGJ	2,92		2,92	5,11		5,47	4,74				40,15	20,07	18,61	100,00
2013_Raichev	74	2	1	EUGJ	20,25		19,82	11,16	2,97	10,61	8,73	0,46	2,46		14,98		8,68	100,12
2013_Shabbir	57	5	1	EUGJ	0,00	8,51	8,51	6,38	8,51	25,50	12,76			6,38	12,76	10,63		99,94
2014_Amroun	1127	1	1	AGW	9,26	5,83	0,39	4,85	0,58	5,76	7,39	0,52		16,19	38,72	0,58	9,91	99,98
2014_Bashir	297	6	2	LC	7,02			1,75		71,93	7,02				5,26	7,02		100,00
2014_Klare	1008	4	3	CF	0,21	0,21		1,07	3,62	49,47	7,89	0,85		20,47	13,86	2,35		100,00
2015_Bakaloudis	763	1	3	RF	3,29		5,84	0,15	5,09	6,44	3,22	1,80	0,15	34,73	30,91	1,12	7,26	100,00
2015_Lanzski	206	2	1	EUGJ	44,00		3,00			5,00	2,00	1,00	5,00	15,00	24,00		1,00	100,00
2015_Larson	1072	7	1	Coyote	1,81		20,81		12,22	31,67	9,50			6,79	14,93	2,26		100,00
2015_Larson	1072	7	3	GF	0,95		10,48		3,81	38,10	6,67			11,43	23,81	4,76		100,00
2015_Larson	1072	7	2	BC			1,96		11,76	64,71	9,80			9,80	1,96			100,00
2015_Penezic	74	2	1	EUGJ	5,80		3,00	35,20	3,10	21,90	13,90	0,90	0,40	2,80	9,40		3,50	99,90
2015_Prerna	97	6	1	EUGJ	32,11					1,54	1,23				65,12			100,00
2015_Witczuk	101	8	2	BC	9,23	31,07			23,92	18,83	3,77			2,26	10,92			100,00
2015_Witczuk	101	8	1	Coyote	6,38	31,91			31,38	22,34	3,19			0,53	4,26			100,00
2016_Apostolico.Contemporary	274	1	2	WC	0,69		0,00		0,34	64,57	5,60	10,29	0,23	18,06		0,23		100,00
2016_Apostolico.Historical	274	1	2	WC	0,00		0,69		1,72	78,04	6,69	1,03	0,00	11,84		0,00		100,00
2016_Hisano.Reg₁	74	2	4	Martes			1,64	0,35	0,67	5,52	10,32	1,53		21,75	57,20		1,00	100,00
2016_Hisano.Reg₂	74	2	4	Martes					0,42	19,70	5,91	0,80		31,84	38,08	0,36	2,89	100,00
2016_Kamler	529	8	1	Coyote	1,00			9,74	9,97	39,47	3,29	0,38		12,88	23,23	0,05		100,00
2016_Lanzski	206	2	1	EUGJ	7,60		0,40		0,50	65,20	2,40	1,00		4,50	18,70			100,30
2016_Lanzski	206	2	3	RF	6,20	0,60	0,80		0,70	41,90	8,20	1,50		9,90	30,20			100,00
2016_Monterroso	86	2	4	Pine_marten	2,82					29,23	8,45	4,23		16,90	38,03	0,35		100,00
2016_Monterroso	86	2	4	Beech_marten	6,56					27,87	6,56	4,92		21,31	30,60	2,19		100,00
2016_Singh	412	6	1	EUGJ	31,89		1,56			10,31	5,00	0,63		0,94	44,69	2,51	2,50	100,03
2017_Atickem	473	3	1	AGW				1,29		57,02	1,29			14,11	22,46		3,82	100,00
2017_Eddine	1127	1	1	AGW	13,08		0,18	5,15	3,68	8,47	6,63	0,92		6,45	40,89	2,03	12,52	100,00
2017_Franchini	1125	1	2	WC						77,68	22,36							100,05
2017_Slauson	160	8	4	Martes	0,41				0,72	32,14	13,96	5,54		16,22	31,01			100,00
2017_Soe	220	2	3	RF	20,67		5,02			26,27	8,38		2,78	1,18	21,80	13,90		100,00
2018_Gutema	473	3	3	RF	0,50			17,20	2,20	47,20	3,00			11,20	3,90	8,90	5,70	99,80
2018_Lanzski	206	2	1	EUGJ	29,10		0,30	1,60	0,70	14,50	4,00	0,70	3,60	17,50	25,40		2,60	100,00
2018_Reshamwala.Dachigam	451	5	3	RF	7,28			3,06		30,56	2,44			27,21	29,17		0,29	100,01
2018_Reshamwala.High_Indus_Valley.Chiktan_Khalse_Leh	451	5	3	RF	1,58			15,23		9,85	26,63			6,42	36,05		4,23	100,00
2018_Reshamwala.Spiti	451	5	3	RF	4,70			25,49		43,88	2,99			2,99	15,65		4,28	99,98
2018_Reshamwala.Uttarakhand	451	5	3	RF	22,01			10,45		47,76	3,36			6,72	9,71		0,00	100,01
2018_Smith.Interface	451	5	1	Coyote 			2,30		18,10	63,60	12,40	3,40						99,80
2018_Smith.Interface	1073	7	2	BC			0,00		10,10	73,20	13,20	3,60						100,10
2018_Smith.Interface	1073	7	3	GF			1,40		19,90	63,80	11,40	3,70						100,20
2018_Smith.Wildland	1073	7	1	Coyote 			1,30		24,10	59,50	14,10	1,30						100,30
2018_Smith.Wildland	1073	7	2	BC			7,00		26,40	54,30	11,10	1,60						100,40
2018_Smith.Wildland	1073	7	3	GF			1,50		15,80	72,90	9,50	0,50						100,20
2018_Temu	512	3	1	AGW	3,85					23,08	1,54			53,85	17,69			100,00
2019_Akrim	297	6	1	EUGJ	2,17	5,43		32,61	1,09	6,53	29,35			1,09	3,26		18,48	100,01
2019_Akrim	297	6	3	RF	2,99	1,20		21,56	1,20	7,20	30,50			4,20	27,55		3,60	100,00
2019_Gutema.BSNP	473	3	1	AGW	0,18			24,10	0,06	30,94	0,30			22,30	1,81	20,30		99,99
2019_Gutema.GMCCA	473	3	1	AGW	0,15			26,29	0,23	39,94	0,38			14,80	1,93	16,27		99,99
2019_Karssene.ODNR	657	9	3	RF					0,45	15,32	3,30	4,21		67,59	9,16			100,03
2019_Karssene.ODNR	657	9	1	AGW				14,47	7,69	31,69	0,55	0,73		20,33	24,54			100,00
2019_Karssene.SNTP	657	9	3	RF					2,45	14,81	2,31	1,49		68,90	10,06			100,02
2019_Karssene.SNTP	657	9	1	AGW				19,34	7,17	24,61	2,28	0,50		28,12	17,96			99,98
2019_Khatoon	57	5	2	LC			2,30	0,00	0,00	80,70	7,90	3,40		5,70	0,00			100,00
2019_Sogliani	1125	1	3	RF	6,03		18,90		0,91	19,87	11,78	0,00		15,33	22,02	5,34		100,19
2019_Tsunoda	74	2	1	EUGJ	0,00		2,70		2,70	40,00	0,00			18,70	33,30		2,70	100,10
2019_Tsunoda	74	2	3	RF	1,70		0,60		0,60	40,90	0,00			17,00	38,60		0,60	100,00
2019_Tsunoda	74	2	4	Martes	0,00		0,00		0,00	41,40	1,70			5,20	50,00		1,70	100,00
2020_Boukherofa	1127	1	1	AGW	19,80					9,90	9,90			15,84	34,65		9,90	100,00
2020_Lanzski	206	2	3	RF	4,90				1,00	53,50	17,80	1,40	1,70	7,00	12,60			99,90
2020_Lanzski	206	2	4	Martes	0,00				1,40	56,40	14,30	0,70	0,70	6,40	20,00			99,90
2020_Monterroso	1120	1	3	RF	5,36		0,22	1,43	11,62	14,70	6,70	2,09	0,02	27,97	24,49	5,40		100,00
2020_Monterroso	1120	1	2	WC	0,25		0,00	0,00	21,51	49,34	8,22	8,97	0,00	7,56	4,15	0,00		100,00
2020_Monterroso	1120	1	4	Pine_marten	0,56		0,03	0,30	1,77	27,83	15,73	2,74	0,06	22,37	27,86	0,74		100,00
2020_Monterroso	1120	1	4	Stone_marten	1,22		0,04	1,27	6,29	16,99	6,20	1,22	0,26	21,28	42,07	3,15		100,00
2021_Fatima	57	5	2	LC	1,52		6,82	3,79	2,27	34,85	8,33	2,27		4,55	35,61			100,00
2021_Kamler	99	6	1	EUGJ	15,98		9,84		2,40	11,24	7,84	9,49		40,46	0,70	2,05		100,00
2021_Misher	1044	9	3	RF						5,20	6,65	3,33		53,01	31,39	0,42		100,00
2021_Rostro-García	99	6	2	JC	0,00		0,00		5,14	43,59	10,24	28,20	5,14	7,67				100,00
2021_Rostro-García	99	6	2	LC	0,60		0,60		0,00	73,51	5,15	13,81	0,00	6,34				100,00
2024_Sarabia	657	9	2	WC	0,00	0,00	0,53	0,53	1,59	46,56	5,29	13,23	0,00	10,58	5,29	0,00	16,40	100,00
2024_Sarabia	657	9	3	RF	0,00	0,00	0,00	2,04	3,06	18,37	4,08	12,24	0,00	41,84	14,29	2,04	2,04	100,00
2024_Sarabia	657	9	1	AGW	0,00	0,00	0,00	16,19	7,14	8,57	6,19	9,05	0,95	22,86	23,81	5,24	0,00	100,00
2024_Sarabia	657	9	4	HB	0,00	0,00	0,00	0,00	0,70	10,49	1,40	56,64	0,00	30,07	0,00	0,00	0,70	100,00
