rows|type_of_species|pianka|species|Ecoregion|biome
(93, 232)|(2, 1)|0.705494232768996|('WC', 'AGW')|1127|1
(41, 70)|(2, 3)|0.30075238658670395|('WC', 'RF')|1120|1
(41, 100)|(2, 4)|0.12447626025164202|('WC', 'Martes')|1120|1
(41, 235)|(2, 3)|0.2576804440191804|('WC', 'RF')|1120|1
(41, 237)|(2, 4)|0.37674382931978573|('WC', 'Pine_marten')|1120|1
(41, 238)|(2, 4)|0.2587147897137531|('WC', 'Stone_marten')|1120|1
(44, 67)|(2, 4)|0.5033335222994159|('WC', 'Martes')|1120|1
(44, 68)|(2, 3)|0.5388200015226013|('WC', 'RF')|1120|1
(44, 69)|(2, 4)|0.3298288847216084|('WC', 'Martes')|1120|1
(44, 70)|(2, 3)|0.5235487079398734|('WC', 'RF')|1120|1
(44, 100)|(2, 4)|0.119265342295232|('WC', 'Martes')|1120|1
(44, 235)|(2, 3)|0.42973181166750907|('WC', 'RF')|1120|1
(44, 237)|(2, 4)|0.5767246545104647|('WC', 'Pine_marten')|1120|1
(44, 238)|(2, 4)|0.36368297951979417|('WC', 'Stone_marten')|1120|1
(50, 67)|(2, 4)|0.42232525912362745|('WC', 'Martes')|1120|1
(50, 68)|(2, 3)|0.44277509000470167|('WC', 'RF')|1120|1
(50, 69)|(2, 4)|0.28495576333809114|('WC', 'Martes')|1120|1
(50, 70)|(2, 3)|0.5512834699518443|('WC', 'RF')|1120|1
(50, 100)|(2, 4)|0.11204904006974553|('WC', 'Martes')|1120|1
(50, 235)|(2, 3)|0.4495101843261519|('WC', 'RF')|1120|1
(50, 237)|(2, 4)|0.49268003640897257|('WC', 'Pine_marten')|1120|1
(50, 238)|(2, 4)|0.3431141884335582|('WC', 'Stone_marten')|1120|1
(67, 68)|(4, 3)|0.9668204469260159|('Martes', 'RF')|1120|1
(67, 70)|(4, 3)|0.9294437154566205|('Martes', 'RF')|1120|1
(67, 74)|(4, 2)|0.573347978187337|('Martes', 'WC')|1120|1
(67, 75)|(4, 2)|0.540996251717654|('Martes', 'WC')|1120|1
(41, 69)|(2, 4)|0.24760130771630195|('WC', 'Martes')|1120|1
(41, 68)|(2, 3)|0.3427558363331577|('WC', 'RF')|1120|1
(41, 67)|(2, 4)|0.33117837134779693|('WC', 'Martes')|1120|1
(48, 49)|(2, 3)|0.5104364547880114|('EuL', 'RF')|822|1
(93, 201)|(2, 1)|0.5884093922733488|('WC', 'AGW')|1127|1
(25, 117)|(3, 1)|0.9425248366631483|('RF', 'EUGJ')|763|1
(25, 124)|(3, 1)|0.9050279401725545|('RF', 'EUGJ')|763|1
(25, 128)|(3, 1)|0.9659854812194274|('RF', 'EUGJ')|763|1
(25, 130)|(3, 1)|0.8748220330878836|('RF', 'EUGJ')|763|1
(25, 133)|(3, 4)|0.8883386528097728|('RF', 'Martes')|763|1
(25, 151)|(3, 4)|0.9441714522305278|('RF', 'Martes')|763|1
(117, 132)|(1, 3)|0.8365460863022546|('EUGJ', 'RF')|763|1
(117, 133)|(1, 4)|0.9183595790924349|('EUGJ', 'Martes')|763|1
(117, 151)|(1, 4)|0.932449040378231|('EUGJ', 'Martes')|763|1
(117, 181)|(1, 3)|0.9020571649564606|('EUGJ', 'RF')|763|1
(124, 132)|(1, 3)|0.745787283123651|('EUGJ', 'RF')|763|1
(67, 84)|(4, 2)|0.34027171487042474|('Martes', 'WC')|1120|1
(124, 133)|(1, 4)|0.801804577380229|('EUGJ', 'Martes')|763|1
(124, 181)|(1, 3)|0.8252575630654061|('EUGJ', 'RF')|763|1
(128, 132)|(1, 3)|0.8772289051897582|('EUGJ', 'RF')|763|1
(128, 133)|(1, 4)|0.9092292755356299|('EUGJ', 'Martes')|763|1
(128, 151)|(1, 4)|0.9010246895649056|('EUGJ', 'Martes')|763|1
(128, 181)|(1, 3)|0.8759296376551126|('EUGJ', 'RF')|763|1
(130, 132)|(1, 3)|0.6580637001996343|('EUGJ', 'RF')|763|1
(130, 133)|(1, 4)|0.7548857981565952|('EUGJ', 'Martes')|763|1
(130, 151)|(1, 4)|0.779522328946054|('EUGJ', 'Martes')|763|1
(132, 133)|(3, 4)|0.9219236767143775|('RF', 'Martes')|763|1
(132, 151)|(3, 4)|0.9558244423874651|('RF', 'Martes')|763|1
(133, 181)|(4, 3)|0.9505922612181946|('Martes', 'RF')|763|1
(151, 181)|(4, 3)|0.9440052633099353|('Martes', 'RF')|763|1
(124, 151)|(1, 4)|0.8213636245673156|('EUGJ', 'Martes')|763|1
(67, 85)|(4, 2)|0.5334614242959481|('Martes', 'WC')|1120|1
(130, 181)|(1, 3)|0.6939455341427294|('EUGJ', 'RF')|763|1
(67, 236)|(4, 2)|0.596859722785927|('Martes', 'WC')|1120|1
(75, 237)|(2, 4)|0.6275054188155348|('WC', 'Pine_marten')|1120|1
(75, 238)|(2, 4)|0.3584348059848061|('WC', 'Stone_marten')|1120|1
(84, 100)|(2, 4)|0.1071039436200032|('WC', 'Martes')|1120|1
(84, 235)|(2, 3)|0.44161956354169424|('WC', 'RF')|1120|1
(84, 237)|(2, 4)|0.4085761049345262|('WC', 'Pine_marten')|1120|1
(84, 238)|(2, 4)|0.31177092447246396|('WC', 'Stone_marten')|1120|1
(85, 100)|(2, 4)|0.1177374686985463|('WC', 'Martes')|1120|1
(85, 235)|(2, 3)|0.366464627292347|('WC', 'RF')|1120|1
(85, 237)|(2, 4)|0.6155115604177407|('WC', 'Pine_marten')|1120|1
(85, 238)|(2, 4)|0.34730868146532073|('WC', 'Stone_marten')|1120|1
(100, 235)|(4, 3)|0.9178062800186818|('Martes', 'RF')|1120|1
(100, 236)|(4, 2)|0.2708033254263799|('Martes', 'WC')|1120|1
(75, 235)|(2, 3)|0.3849986299639901|('WC', 'RF')|1120|1
(235, 236)|(3, 2)|0.568732496480796|('RF', 'WC')|1120|1
(236, 237)|(2, 4)|0.6891206649828717|('WC', 'Pine_marten')|1120|1
(236, 238)|(2, 4)|0.48112167986576854|('WC', 'Stone_marten')|1120|1
(39, 202)|(3, 2)|0.43583663141517004|('RF', 'WC')|1125|1
(40, 202)|(3, 2)|0.4774677637882077|('RF', 'WC')|1125|1
(202, 227)|(2, 3)|0.5459497244277056|('WC', 'RF')|1125|1
(92, 131)|(2, 1)|0.6660457749799751|('WC', 'AGW')|1127|1
(92, 178)|(2, 1)|0.7140545993223529|('WC', 'AGW')|1127|1
(92, 201)|(2, 1)|0.5403857440946304|('WC', 'AGW')|1127|1
(92, 232)|(2, 1)|0.6811117912228061|('WC', 'AGW')|1127|1
(93, 131)|(2, 1)|0.6957012641399325|('WC', 'AGW')|1127|1
(67, 235)|(4, 3)|0.8869891844607001|('Martes', 'RF')|1120|1
(93, 178)|(2, 1)|0.7519352322081996|('WC', 'AGW')|1127|1
(235, 237)|(3, 4)|0.8997254377965853|('RF', 'Pine_marten')|1120|1
(75, 100)|(2, 4)|0.13088628854499387|('WC', 'Martes')|1120|1
(235, 238)|(3, 4)|0.9212247561319407|('RF', 'Stone_marten')|1120|1
(74, 237)|(2, 4)|0.6443253546313795|('WC', 'Pine_marten')|1120|1
(68, 74)|(3, 2)|0.6237591009818689|('RF', 'WC')|1120|1
(74, 238)|(2, 4)|0.38263346793814584|('WC', 'Stone_marten')|1120|1
(68, 75)|(3, 2)|0.5944234465558031|('RF', 'WC')|1120|1
(68, 84)|(3, 2)|0.3510407248285782|('RF', 'WC')|1120|1
(68, 85)|(3, 2)|0.576662616979192|('RF', 'WC')|1120|1
(68, 100)|(3, 4)|0.7980943546238045|('RF', 'Martes')|1120|1
(68, 236)|(3, 2)|0.6250656055503446|('RF', 'WC')|1120|1
(68, 69)|(3, 4)|0.8497371998369775|('RF', 'Martes')|1120|1
(68, 238)|(3, 4)|0.9002356114427889|('RF', 'Stone_marten')|1120|1
(69, 70)|(4, 3)|0.8711777051462187|('Martes', 'RF')|1120|1
(69, 74)|(4, 2)|0.3582823655253392|('Martes', 'WC')|1120|1
(69, 75)|(4, 2)|0.3444361977794126|('Martes', 'WC')|1120|1
(69, 84)|(4, 2)|0.23661150259999716|('Martes', 'WC')|1120|1
(68, 237)|(3, 4)|0.9142960001385351|('RF', 'Pine_marten')|1120|1
(69, 235)|(4, 3)|0.7905385203359283|('Martes', 'RF')|1120|1
(74, 100)|(2, 4)|0.18931440400922597|('WC', 'Martes')|1120|1
(69, 85)|(4, 2)|0.34005678453748367|('Martes', 'WC')|1120|1
(70, 238)|(3, 4)|0.938566716981137|('RF', 'Stone_marten')|1120|1
(70, 237)|(3, 4)|0.8724937461838923|('RF', 'Pine_marten')|1120|1
(70, 236)|(3, 2)|0.6319279641406221|('RF', 'WC')|1120|1
(70, 100)|(3, 4)|0.8179850532806702|('RF', 'Martes')|1120|1
(74, 235)|(2, 3)|0.4223530943226321|('WC', 'RF')|1120|1
(70, 84)|(3, 2)|0.5385328114026666|('RF', 'WC')|1120|1
(70, 75)|(3, 2)|0.4527436448788195|('RF', 'WC')|1120|1
(70, 74)|(3, 2)|0.47008507284301715|('RF', 'WC')|1120|1
(69, 236)|(4, 2)|0.41653556900760236|('Martes', 'WC')|1120|1
(70, 85)|(3, 2)|0.43813801181539364|('RF', 'WC')|1120|1
(66, 71)|(3, 2)|0.8672939876568639|('RF', 'WC')|206|2
(66, 129)|(3, 1)|0.8909433934722287|('RF', 'EUGJ')|206|2
(66, 110)|(3, 4)|0.8529899826709632|('RF', 'Martes')|206|2
(66, 91)|(3, 2)|0.8832822445549443|('RF', 'WC')|206|2
(66, 147)|(3, 4)|0.8174401014230536|('RF', 'Martes')|206|2
(66, 146)|(3, 2)|0.6765898189457984|('RF', 'EuL')|206|2
(65, 167)|(3, 1)|0.6993735251397873|('RF', 'EUGJ')|206|2
(65, 206)|(3, 1)|0.7264209958602083|('RF', 'EUGJ')|206|2
(65, 195)|(3, 1)|0.7267252115888782|('RF', 'EUGJ')|206|2
(65, 182)|(3, 1)|0.6659516452639485|('RF', 'EUGJ')|206|2
(65, 147)|(3, 4)|0.6376605603546772|('RF', 'Martes')|206|2
(65, 146)|(3, 2)|0.8345512462867065|('RF', 'EuL')|206|2
(65, 110)|(3, 4)|0.706482243913458|('RF', 'Martes')|206|2
(65, 129)|(3, 1)|0.674971913273659|('RF', 'EUGJ')|206|2
(65, 234)|(3, 4)|0.7201777927892663|('RF', 'Martes')|206|2
(66, 167)|(3, 1)|0.662058294804956|('RF', 'EUGJ')|206|2
(71, 206)|(2, 1)|0.3290070587491431|('WC', 'EUGJ')|206|2
(66, 195)|(3, 1)|0.933035082957618|('RF', 'EUGJ')|206|2
(91, 129)|(2, 1)|0.9137173781063593|('WC', 'EUGJ')|206|2
(65, 91)|(3, 2)|0.7288621446804346|('RF', 'WC')|206|2
(91, 110)|(2, 4)|0.7573673548035819|('WC', 'Martes')|206|2
(91, 109)|(2, 3)|0.7780238904861788|('WC', 'RF')|206|2
(71, 234)|(2, 4)|0.9150126538998908|('WC', 'Martes')|206|2
(71, 233)|(2, 3)|0.9209637206098339|('WC', 'RF')|206|2
(71, 196)|(2, 3)|0.785247242554189|('WC', 'RF')|206|2
(71, 195)|(2, 1)|0.9540553799734227|('WC', 'EUGJ')|206|2
(71, 182)|(2, 1)|0.10509385630897546|('WC', 'EUGJ')|206|2
(71, 167)|(2, 1)|0.35194083604828763|('WC', 'EUGJ')|206|2
(71, 147)|(2, 4)|0.7188685937227585|('WC', 'Martes')|206|2
(71, 129)|(2, 1)|0.9153890207384313|('WC', 'EUGJ')|206|2
(71, 110)|(2, 4)|0.7079543949140893|('WC', 'Martes')|206|2
(71, 109)|(2, 3)|0.7475547933835806|('WC', 'RF')|206|2
(66, 234)|(3, 4)|0.898056052761856|('RF', 'Martes')|206|2
(66, 182)|(3, 1)|0.5535293905735591|('RF', 'EUGJ')|206|2
(65, 71)|(3, 2)|0.6469519964821215|('RF', 'WC')|206|2
(51, 195)|(3, 1)|0.9530615228907776|('RF', 'EUGJ')|206|2
(64, 233)|(1, 3)|0.866595529595539|('EUGJ', 'RF')|206|2
(52, 71)|(4, 2)|0.5550760485161235|('Martes', 'WC')|206|2
(52, 66)|(4, 3)|0.7138881380529247|('Martes', 'RF')|206|2
(52, 65)|(4, 3)|0.5428212021371249|('Martes', 'RF')|206|2
(52, 64)|(4, 1)|0.6664444932756662|('Martes', 'EUGJ')|206|2
(51, 234)|(3, 4)|0.9327574500646613|('RF', 'Martes')|206|2
(51, 206)|(3, 1)|0.7148846698727767|('RF', 'EUGJ')|206|2
(51, 182)|(3, 1)|0.5087968641668601|('RF', 'EUGJ')|206|2
(51, 167)|(3, 1)|0.7342694172740033|('RF', 'EUGJ')|206|2
(51, 147)|(3, 4)|0.8857778110280231|('RF', 'Martes')|206|2
(51, 146)|(3, 2)|0.603719781652973|('RF', 'EuL')|206|2
(51, 129)|(3, 1)|0.9327713720921212|('RF', 'EUGJ')|206|2
(51, 110)|(3, 4)|0.8866198715363578|('RF', 'Martes')|206|2
(51, 91)|(3, 2)|0.8833983399330156|('RF', 'WC')|206|2
(51, 71)|(3, 2)|0.8648878831104525|('RF', 'WC')|206|2
(91, 147)|(2, 4)|0.7704461477017064|('WC', 'Martes')|206|2
(52, 91)|(4, 2)|0.6105951534775445|('Martes', 'WC')|206|2
(64, 234)|(1, 4)|0.8289795015479805|('EUGJ', 'Martes')|206|2
(52, 109)|(4, 3)|0.9200927370918367|('Martes', 'RF')|206|2
(52, 146)|(4, 2)|0.32002749952761966|('Martes', 'EuL')|206|2
(64, 196)|(1, 3)|0.8242795931655009|('EUGJ', 'RF')|206|2
(64, 147)|(1, 4)|0.7672647848502916|('EUGJ', 'Martes')|206|2
(64, 146)|(1, 2)|0.7165577732411684|('EUGJ', 'EuL')|206|2
(64, 110)|(1, 4)|0.8551134072503488|('EUGJ', 'Martes')|206|2
(64, 109)|(1, 3)|0.8832426669806367|('EUGJ', 'RF')|206|2
(64, 91)|(1, 2)|0.8285884738805821|('EUGJ', 'WC')|206|2
(64, 71)|(1, 2)|0.829979598668421|('EUGJ', 'WC')|206|2
(64, 66)|(1, 3)|0.9578290673970197|('EUGJ', 'RF')|206|2
(64, 65)|(1, 3)|0.837965371652759|('EUGJ', 'RF')|206|2
(52, 233)|(4, 3)|0.7607138039939296|('Martes', 'RF')|206|2
(52, 206)|(4, 1)|0.7571836740669151|('Martes', 'EUGJ')|206|2
(52, 196)|(4, 3)|0.9286087902583354|('Martes', 'RF')|206|2
(52, 195)|(4, 1)|0.7521646274925441|('Martes', 'EUGJ')|206|2
(52, 182)|(4, 1)|0.5079016841221738|('Martes', 'EUGJ')|206|2
(52, 167)|(4, 1)|0.664396216565861|('Martes', 'EUGJ')|206|2
(52, 129)|(4, 1)|0.794359920498911|('Martes', 'EUGJ')|206|2
(91, 167)|(2, 1)|0.3776073514875719|('WC', 'EUGJ')|206|2
(18, 119)|(2, 4)|0.033685655432452846|('WC', 'Martes')|376|2
(91, 195)|(2, 1)|0.9487222247356759|('WC', 'EUGJ')|206|2
(233, 234)|(3, 4)|0.9876033371006535|('RF', 'Martes')|206|2
(206, 234)|(1, 4)|0.5352914594766024|('EUGJ', 'Martes')|206|2
(206, 233)|(1, 3)|0.5443476468948543|('EUGJ', 'RF')|206|2
(196, 234)|(3, 4)|0.9492855267786456|('RF', 'Martes')|206|2
(196, 206)|(3, 1)|0.7265272260646768|('RF', 'EUGJ')|206|2
(195, 234)|(1, 4)|0.9716162286778802|('EUGJ', 'Martes')|206|2
(195, 233)|(1, 3)|0.9589835141203609|('EUGJ', 'RF')|206|2
(195, 196)|(1, 3)|0.9290739229946436|('EUGJ', 'RF')|206|2
(182, 234)|(1, 4)|0.27194658638505326|('EUGJ', 'Martes')|206|2
(182, 233)|(1, 3)|0.30250859873550967|('EUGJ', 'RF')|206|2
(182, 196)|(1, 3)|0.48476118494952447|('EUGJ', 'RF')|206|2
(167, 234)|(1, 4)|0.49671009937367744|('EUGJ', 'Martes')|206|2
(167, 233)|(1, 3)|0.49052055279063994|('EUGJ', 'RF')|206|2
(167, 196)|(1, 3)|0.6604541596420125|('EUGJ', 'RF')|206|2
(147, 233)|(4, 3)|0.8851096876739257|('Martes', 'RF')|206|2
(18, 118)|(2, 3)|0.17040937126916791|('WC', 'RF')|376|2
(147, 206)|(4, 1)|0.7118771938596882|('Martes', 'EUGJ')|206|2
(51, 64)|(3, 1)|0.9229404804937195|('RF', 'EUGJ')|206|2
(18, 160)|(2, 3)|0.207975957408855|('WC', 'RF')|376|2
(162, 166)|(3, 4)|0.9636782983642291|('Red fox', 'Martes')|376|2
(161, 162)|(4, 3)|0.9473852143429267|('Pine marten', 'Red fox')|376|2
(160, 166)|(3, 4)|0.669087745599143|('RF', 'Martes')|376|2
(160, 161)|(3, 4)|0.7255402259062089|('RF', 'Pine marten')|376|2
(159, 162)|(4, 3)|0.698525323700781|('Pine marten', 'Red fox')|376|2
(159, 160)|(4, 3)|0.9632148493205658|('Pine marten', 'RF')|376|2
(119, 162)|(4, 3)|0.47767160721888424|('Martes', 'Red fox')|376|2
(119, 160)|(4, 3)|0.8763491336732868|('Martes', 'RF')|376|2
(118, 166)|(3, 4)|0.6053435757285391|('RF', 'Martes')|376|2
(118, 161)|(3, 4)|0.6695466165156131|('RF', 'Pine marten')|376|2
(118, 159)|(3, 4)|0.8922848801477756|('RF', 'Pine marten')|376|2
(118, 119)|(3, 4)|0.9644088651560745|('RF', 'Martes')|376|2
(18, 166)|(2, 4)|0.7189377287947244|('WC', 'Martes')|376|2
(18, 162)|(2, 3)|0.6127369991821033|('WC', 'Red fox')|376|2
(18, 161)|(2, 4)|0.6126292766049206|('WC', 'Pine marten')|376|2
(18, 159)|(2, 4)|0.2003231797744521|('WC', 'Pine marten')|376|2
(147, 196)|(4, 3)|0.983551722036463|('Martes', 'RF')|206|2
(147, 195)|(4, 1)|0.8728675062753856|('Martes', 'EUGJ')|206|2
(147, 182)|(4, 1)|0.44790711404670686|('Martes', 'EUGJ')|206|2
(110, 146)|(4, 2)|0.45386427946605673|('Martes', 'EuL')|206|2
(110, 129)|(4, 1)|0.820388092303279|('Martes', 'EUGJ')|206|2
(109, 234)|(3, 4)|0.8988299621484666|('RF', 'Martes')|206|2
(109, 206)|(3, 1)|0.7907344373283269|('RF', 'EUGJ')|206|2
(109, 195)|(3, 1)|0.8842235846101848|('RF', 'EUGJ')|206|2
(109, 182)|(3, 1)|0.5579040168620168|('RF', 'EUGJ')|206|2
(109, 167)|(3, 1)|0.6269006465258428|('RF', 'EUGJ')|206|2
(109, 147)|(3, 4)|0.9626742164515669|('RF', 'Martes')|206|2
(109, 146)|(3, 2)|0.49284018194906487|('RF', 'EuL')|206|2
(109, 129)|(3, 1)|0.8730491221143798|('RF', 'EUGJ')|206|2
(109, 110)|(3, 4)|0.9892885651546651|('RF', 'Martes')|206|2
(91, 234)|(2, 4)|0.9522554814225115|('WC', 'Martes')|206|2
(91, 233)|(2, 3)|0.9684334262208408|('WC', 'RF')|206|2
(91, 206)|(2, 1)|0.3744979005091647|('WC', 'EUGJ')|206|2
(91, 196)|(2, 3)|0.8235223326331705|('WC', 'RF')|206|2
(110, 167)|(4, 1)|0.5743224593670235|('Martes', 'EUGJ')|206|2
(110, 182)|(4, 1)|0.5357295340079257|('Martes', 'EUGJ')|206|2
(110, 195)|(4, 1)|0.8384065858611696|('Martes', 'EUGJ')|206|2
(110, 196)|(4, 3)|0.9241828169807613|('Martes', 'RF')|206|2
(147, 167)|(4, 1)|0.5934782070225143|('Martes', 'EUGJ')|206|2
(146, 234)|(2, 4)|0.36241108260970795|('EuL', 'Martes')|206|2
(146, 233)|(2, 3)|0.4285330869029529|('EuL', 'RF')|206|2
(146, 206)|(2, 1)|0.7874347326212846|('EuL', 'EUGJ')|206|2
(146, 196)|(2, 3)|0.45696196360148694|('EuL', 'RF')|206|2
(146, 195)|(2, 1)|0.46611377199870613|('EuL', 'EUGJ')|206|2
(146, 182)|(2, 1)|0.8699837534448682|('EuL', 'EUGJ')|206|2
(91, 182)|(2, 1)|0.14478508690172995|('WC', 'EUGJ')|206|2
(146, 167)|(2, 1)|0.7954840381286995|('EuL', 'EUGJ')|206|2
(129, 234)|(1, 4)|0.96926321537837|('EUGJ', 'Martes')|206|2
(129, 233)|(1, 3)|0.9353819140887383|('EUGJ', 'RF')|206|2
(129, 196)|(1, 3)|0.9505451064302612|('EUGJ', 'RF')|206|2
(129, 147)|(1, 4)|0.8986535766916773|('EUGJ', 'Martes')|206|2
(129, 146)|(1, 2)|0.41037774282236816|('EUGJ', 'EuL')|206|2
(110, 233)|(4, 3)|0.8760900057510257|('Martes', 'RF')|206|2
(110, 206)|(4, 1)|0.7707489114162247|('Martes', 'EUGJ')|206|2
(146, 147)|(2, 4)|0.3513306525097586|('EuL', 'Martes')|206|2
(51, 52)|(3, 4)|0.8209541724708698|('RF', 'Martes')|206|2
(66, 206)|(3, 1)|0.7184848745713823|('RF', 'EUGJ')|206|2
(141, 229)|(2, 3)|0.6805939320116858|('WC', 'RF')|74|2
(13, 14)|(4, 2)|0.2679247831719137|('Martes', 'WC')|86|2
(12, 198)|(3, 4)|0.9207312991021246|('RF', 'Beech_marten')|86|2
(12, 197)|(3, 4)|0.896254500085603|('RF', 'Pine_marten')|86|2
(12, 150)|(3, 2)|0.3636567553295079|('RF', 'WC')|86|2
(12, 78)|(3, 4)|0.12625477060870882|('RF', 'Martes')|86|2
(12, 77)|(3, 2)|0.3050738613622507|('RF', 'WC')|86|2
(12, 58)|(3, 4)|0.4752991894545125|('RF', 'Martes')|86|2
(12, 36)|(3, 4)|0.9085184226726467|('RF', 'Martes')|86|2
(12, 14)|(3, 2)|0.6863944772038387|('RF', 'WC')|86|2
(12, 13)|(3, 4)|0.790063191995084|('RF', 'Martes')|86|2
(4, 150)|(4, 2)|0.5772466268638046|('Mart', 'WC')|86|2
(4, 77)|(4, 2)|0.5507009665310616|('Mart', 'WC')|86|2
(169, 229)|(1, 3)|0.15868493836899272|('EUGJ', 'RF')|74|2
(4, 76)|(4, 3)|0.5625688921898385|('Mart', 'RF')|86|2
(4, 14)|(4, 2)|0.7246410914650807|('Mart', 'WC')|86|2
(4, 12)|(4, 3)|0.927017211000864|('Mart', 'RF')|86|2
(229, 230)|(3, 4)|0.9691413120333855|('RF', 'Martes')|74|2
(228, 230)|(1, 4)|0.9463425468709504|('EUGJ', 'Martes')|74|2
(228, 229)|(1, 3)|0.9943103860098976|('EUGJ', 'RF')|74|2
(139, 142)|(3, 4)|0.8851074825043839|('RF', 'Martes')|74|2
(139, 157)|(3, 1)|0.7780222655702058|('RF', 'EUGJ')|74|2
(139, 165)|(3, 1)|0.6576790553854195|('RF', 'EUGJ')|74|2
(169, 230)|(1, 4)|0.15824462717634344|('EUGJ', 'Martes')|74|2
(170, 192)|(1, 4)|0.05395882775951216|('EUGJ', 'Martes')|74|2
(170, 193)|(1, 4)|0.09300759003994456|('EUGJ', 'Martes')|74|2
(141, 230)|(2, 4)|0.6239185926233908|('WC', 'Martes')|74|2
(4, 57)|(4, 3)|0.8200992005358406|('Mart', 'RF')|86|2
(169, 193)|(1, 4)|0.1233203535139006|('EUGJ', 'Martes')|74|2
(169, 192)|(1, 4)|0.10241288002703408|('EUGJ', 'Martes')|74|2
(168, 230)|(1, 4)|0.14682170445809112|('EUGJ', 'Martes')|74|2
(58, 77)|(4, 2)|0.32472339633834796|('Martes', 'WC')|86|2
(58, 76)|(4, 3)|0.24329348312662022|('Martes', 'RF')|86|2
(57, 198)|(3, 4)|0.8274265658753318|('RF', 'Beech_marten')|86|2
(57, 197)|(3, 4)|0.7905088641999016|('RF', 'Pine_marten')|86|2
(57, 150)|(3, 2)|0.8944246950563984|('RF', 'WC')|86|2
(57, 78)|(3, 4)|0.24793839848313873|('RF', 'Martes')|86|2
(57, 77)|(3, 2)|0.43891419347009625|('RF', 'WC')|86|2
(57, 58)|(3, 4)|0.9602623026702316|('RF', 'Martes')|86|2
(36, 150)|(4, 2)|0.4595817504911437|('Martes', 'WC')|86|2
(36, 77)|(4, 2)|0.6534666168120152|('Martes', 'WC')|86|2
(36, 76)|(4, 3)|0.6474023398876688|('Martes', 'RF')|86|2
(36, 57)|(4, 3)|0.758051933043557|('Martes', 'RF')|86|2
(14, 198)|(2, 4)|0.7513176443138699|('WC', 'Beech_marten')|86|2
(14, 197)|(2, 4)|0.6595859363327699|('WC', 'Pine_marten')|86|2
(14, 78)|(2, 4)|0.2311623119649758|('WC', 'Martes')|86|2
(14, 76)|(2, 3)|0.27237363798838804|('WC', 'RF')|86|2
(14, 58)|(2, 4)|0.844388314972303|('WC', 'Martes')|86|2
(14, 57)|(2, 3)|0.885914973241079|('WC', 'RF')|86|2
(14, 36)|(2, 4)|0.7566441571069157|('WC', 'Martes')|86|2
(13, 150)|(4, 2)|0.2727273650214271|('Martes', 'WC')|86|2
(13, 77)|(4, 2)|0.3619167860345493|('Martes', 'WC')|86|2
(170, 230)|(1, 4)|0.14546717488108546|('EUGJ', 'Martes')|74|2
(13, 57)|(4, 3)|0.48296710010212995|('Martes', 'RF')|86|2
(165, 230)|(1, 4)|0.9190327247715081|('EUGJ', 'Martes')|74|2
(168, 192)|(1, 4)|0.066646509563933|('EUGJ', 'Martes')|74|2
(168, 193)|(1, 4)|0.10141958784930549|('EUGJ', 'Martes')|74|2
(168, 229)|(1, 3)|0.15425339379034805|('EUGJ', 'RF')|74|2
(139, 168)|(3, 1)|0.30031454017447606|('RF', 'EUGJ')|74|2
(139, 169)|(3, 1)|0.3050435127296243|('RF', 'EUGJ')|74|2
(139, 170)|(3, 1)|0.26810693212491976|('RF', 'EUGJ')|74|2
(139, 171)|(3, 1)|0.339579073022192|('RF', 'EUGJ')|74|2
(186, 193)|(1, 4)|0.3969757145770979|('EUGJ', 'Martes')|74|2
(186, 192)|(1, 4)|0.31241547289684035|('EUGJ', 'Martes')|74|2
(176, 230)|(1, 4)|0.4940108724281487|('EUGJ', 'Martes')|74|2
(176, 229)|(1, 3)|0.4791247815952207|('EUGJ', 'RF')|74|2
(176, 193)|(1, 4)|0.4213274167279351|('EUGJ', 'Martes')|74|2
(176, 192)|(1, 4)|0.44651399311334916|('EUGJ', 'Martes')|74|2
(174, 230)|(1, 4)|0.12690849441049967|('EUGJ', 'Martes')|74|2
(174, 229)|(1, 3)|0.13463132449798026|('EUGJ', 'RF')|74|2
(174, 193)|(1, 4)|0.08543118780855595|('EUGJ', 'Martes')|74|2
(174, 192)|(1, 4)|0.052906188840528355|('EUGJ', 'Martes')|74|2
(173, 230)|(1, 4)|0.12728804361370383|('EUGJ', 'Martes')|74|2
(173, 229)|(1, 3)|0.12847375171897715|('EUGJ', 'RF')|74|2
(173, 193)|(1, 4)|0.09257201599958172|('EUGJ', 'Martes')|74|2
(173, 192)|(1, 4)|0.07464329201685689|('EUGJ', 'Martes')|74|2
(172, 230)|(1, 4)|0.18583001165929552|('EUGJ', 'Martes')|74|2
(172, 229)|(1, 3)|0.19976597291955447|('EUGJ', 'RF')|74|2
(172, 193)|(1, 4)|0.11998004119358917|('EUGJ', 'Martes')|74|2
(172, 192)|(1, 4)|0.06486372071760381|('EUGJ', 'Martes')|74|2
(171, 230)|(1, 4)|0.20388641563806886|('EUGJ', 'Martes')|74|2
(171, 229)|(1, 3)|0.2157738552458488|('EUGJ', 'RF')|74|2
(141, 176)|(2, 1)|0.3638851605725018|('WC', 'EUGJ')|74|2
(171, 193)|(1, 4)|0.1312899153186385|('EUGJ', 'Martes')|74|2
(141, 186)|(2, 1)|0.5600559244401885|('WC', 'EUGJ')|74|2
(141, 192)|(2, 4)|0.11855991524537134|('WC', 'Martes')|74|2
(141, 193)|(2, 4)|0.37786704936785076|('WC', 'Martes')|74|2
(141, 228)|(2, 1)|0.7097350767461988|('WC', 'EUGJ')|74|2
(170, 229)|(1, 3)|0.15411326287517513|('EUGJ', 'RF')|74|2
(186, 229)|(1, 3)|0.4937762521411873|('EUGJ', 'RF')|74|2
(58, 150)|(4, 2)|0.9765169644926269|('Martes', 'WC')|86|2
(186, 230)|(1, 4)|0.4787931243617386|('EUGJ', 'Martes')|74|2
(192, 229)|(4, 3)|0.7653114299951695|('Martes', 'RF')|74|2
(139, 172)|(3, 1)|0.36398624407488317|('RF', 'EUGJ')|74|2
(139, 173)|(3, 1)|0.2261868139786254|('RF', 'EUGJ')|74|2
(139, 174)|(3, 1)|0.27598190862235605|('RF', 'EUGJ')|74|2
(139, 176)|(3, 1)|0.6963685823862181|('RF', 'EUGJ')|74|2
(139, 186)|(3, 1)|0.6733255651497791|('RF', 'EUGJ')|74|2
(139, 192)|(3, 4)|0.31172287102398794|('RF', 'Martes')|74|2
(139, 193)|(3, 4)|0.4854206479345404|('RF', 'Martes')|74|2
(139, 228)|(3, 1)|0.730621511836594|('RF', 'EUGJ')|74|2
(139, 230)|(3, 4)|0.6840838870009974|('RF', 'Martes')|74|2
(140, 141)|(1, 2)|0.4026988151882057|('EUGJ', 'WC')|74|2
(140, 142)|(1, 4)|0.5383690101760137|('EUGJ', 'Martes')|74|2
(140, 192)|(1, 4)|0.41382967968382245|('EUGJ', 'Martes')|74|2
(140, 193)|(1, 4)|0.4041777793428539|('EUGJ', 'Martes')|74|2
(140, 229)|(1, 3)|0.47249705134220676|('EUGJ', 'RF')|74|2
(140, 230)|(1, 4)|0.48288248042398174|('EUGJ', 'Martes')|74|2
(141, 142)|(2, 4)|0.8837794724335054|('WC', 'Martes')|74|2
(141, 157)|(2, 1)|0.7498881583213614|('WC', 'EUGJ')|74|2
(141, 165)|(2, 1)|0.4679728550913146|('WC', 'EUGJ')|74|2
(141, 168)|(2, 1)|0.22028485890181468|('WC', 'EUGJ')|74|2
(141, 169)|(2, 1)|0.19452223289879392|('WC', 'EUGJ')|74|2
(141, 170)|(2, 1)|0.22041570109243053|('WC', 'EUGJ')|74|2
(141, 171)|(2, 1)|0.28306116079378546|('WC', 'EUGJ')|74|2
(141, 172)|(2, 1)|0.29237179096810684|('WC', 'EUGJ')|74|2
(141, 173)|(2, 1)|0.15756441435132748|('WC', 'EUGJ')|74|2
(141, 174)|(2, 1)|0.20427618206328269|('WC', 'EUGJ')|74|2
(193, 229)|(4, 3)|0.8910319659449288|('Martes', 'RF')|74|2
(193, 228)|(4, 1)|0.8906927893780466|('Martes', 'EUGJ')|74|2
(192, 228)|(4, 1)|0.7342530277981667|('Martes', 'EUGJ')|74|2
(76, 77)|(3, 2)|0.9427320662597922|('RF', 'WC')|86|2
(13, 76)|(4, 3)|0.4410262523091064|('Martes', 'RF')|86|2
(76, 150)|(3, 2)|0.2071179716737883|('RF', 'WC')|86|2
(104, 138)|(4, 3)|0.7934827243510864|('Martes', 'RF')|98|2
(104, 135)|(4, 3)|0.7010481437019154|('Martes', 'RF')|98|2
(104, 125)|(4, 3)|0.90213513349552|('Martes', 'RF')|98|2
(103, 136)|(3, 4)|0.874404865914931|('RF', 'Martes')|98|2
(103, 116)|(3, 4)|0.9157592646422414|('RF', 'Pine_marten')|98|2
(103, 114)|(3, 4)|0.8652791170559849|('RF', 'Pine_marten')|98|2
(103, 113)|(3, 4)|0.7213684940241056|('RF', 'Stone_marten')|98|2
(103, 104)|(3, 4)|0.8934308596966131|('RF', 'Martes')|98|2
(76, 78)|(3, 4)|0.9132558765291238|('RF', 'Martes')|86|2
(102, 135)|(4, 3)|0.9265515854911328|('Martes', 'RF')|98|2
(102, 125)|(4, 3)|0.9614374600818496|('Martes', 'RF')|98|2
(102, 103)|(4, 3)|0.9383747707508658|('Martes', 'RF')|98|2
(101, 136)|(3, 4)|0.9233385039756462|('RF', 'Martes')|98|2
(101, 116)|(3, 4)|0.8069340637740248|('RF', 'Pine_marten')|98|2
(101, 114)|(3, 4)|0.8494961174195793|('RF', 'Pine_marten')|98|2
(101, 113)|(3, 4)|0.5131143514867926|('RF', 'Stone_marten')|98|2
(101, 104)|(3, 4)|0.6192567230439685|('RF', 'Martes')|98|2
(101, 102)|(3, 4)|0.8554747258749262|('RF', 'Martes')|98|2
(99, 136)|(3, 4)|0.9422414990019276|('RF', 'Martes')|98|2
(99, 116)|(3, 4)|0.8833962239800139|('RF', 'Pine_marten')|98|2
(99, 114)|(3, 4)|0.9277295842268575|('RF', 'Pine_marten')|98|2
(99, 113)|(3, 4)|0.8433766068369897|('RF', 'Stone_marten')|98|2
(99, 104)|(3, 4)|0.8322482493196233|('RF', 'Martes')|98|2
(99, 102)|(3, 4)|0.9699154274554195|('RF', 'Martes')|98|2
(98, 138)|(4, 3)|0.854600943727444|('Martes', 'RF')|98|2
(98, 135)|(4, 3)|0.932428432299413|('Martes', 'RF')|98|2
(98, 125)|(4, 3)|0.9435479802343981|('Martes', 'RF')|98|2
(113, 125)|(4, 3)|0.8440972603943935|('Stone_marten', 'RF')|98|2
(113, 135)|(4, 3)|0.6809203898374758|('Stone_marten', 'RF')|98|2
(113, 138)|(4, 3)|0.7736408144699427|('Stone_marten', 'RF')|98|2
(114, 125)|(4, 3)|0.8942103373145359|('Pine_marten', 'RF')|98|2
(142, 157)|(4, 1)|0.795823786750605|('Martes', 'EUGJ')|74|2
(142, 165)|(4, 1)|0.5864061236925651|('Martes', 'EUGJ')|74|2
(142, 168)|(4, 1)|0.32537156466675365|('Martes', 'EUGJ')|74|2
(142, 169)|(4, 1)|0.3111313397249646|('Martes', 'EUGJ')|74|2
(142, 170)|(4, 1)|0.3141394996969258|('Martes', 'EUGJ')|74|2
(142, 171)|(4, 1)|0.37907424185840444|('Martes', 'EUGJ')|74|2
(142, 172)|(4, 1)|0.38519515849938685|('Martes', 'EUGJ')|74|2
(142, 173)|(4, 1)|0.2739267225975737|('Martes', 'EUGJ')|74|2
(142, 174)|(4, 1)|0.3062844128002985|('Martes', 'EUGJ')|74|2
(142, 176)|(4, 1)|0.5228143162041757|('Martes', 'EUGJ')|74|2
(142, 186)|(4, 1)|0.6407131209294403|('Martes', 'EUGJ')|74|2
(142, 228)|(4, 1)|0.8333481527647504|('Martes', 'EUGJ')|74|2
(142, 229)|(4, 3)|0.7983827440527864|('Martes', 'RF')|74|2
(98, 103)|(4, 3)|0.9186405848259951|('Martes', 'RF')|98|2
(157, 192)|(1, 4)|0.7194405285067547|('EUGJ', 'Martes')|74|2
(139, 140)|(3, 1)|0.6965108879683591|('RF', 'EUGJ')|74|2
(139, 141)|(3, 2)|0.8952693530131309|('RF', 'WC')|74|2
(157, 229)|(1, 3)|0.9765773465658738|('EUGJ', 'RF')|74|2
(157, 230)|(1, 4)|0.9788720457913282|('EUGJ', 'Martes')|74|2
(165, 192)|(1, 4)|0.8658276949873774|('EUGJ', 'Martes')|74|2
(136, 138)|(4, 3)|0.8027444170827611|('Martes', 'RF')|98|2
(135, 136)|(3, 4)|0.988959748657938|('RF', 'Martes')|98|2
(125, 136)|(3, 4)|0.8387729918802538|('RF', 'Martes')|98|2
(116, 138)|(4, 3)|0.7886625808914581|('Pine_marten', 'RF')|98|2
(116, 135)|(4, 3)|0.8454252224823655|('Pine_marten', 'RF')|98|2
(116, 125)|(4, 3)|0.8333923881275278|('Pine_marten', 'RF')|98|2
(114, 138)|(4, 3)|0.9032668571203926|('Pine_marten', 'RF')|98|2
(114, 135)|(4, 3)|0.9038988138825245|('Pine_marten', 'RF')|98|2
(157, 193)|(1, 4)|0.8135883320514651|('EUGJ', 'Martes')|74|2
(98, 101)|(4, 3)|0.8070745420131704|('Martes', 'RF')|98|2
(102, 138)|(4, 3)|0.9218376340454678|('Martes', 'RF')|98|2
(165, 229)|(1, 3)|0.8701124482164464|('EUGJ', 'RF')|74|2
(55, 56)|(3, 4)|0.9942596814564698|('RF', 'Martes')|98|2
(31, 138)|(4, 3)|0.8847783648403148|('Martes', 'RF')|98|2
(31, 135)|(4, 3)|0.9458261172449249|('Martes', 'RF')|98|2
(31, 125)|(4, 3)|0.8689775158449902|('Martes', 'RF')|98|2
(31, 103)|(4, 3)|0.9007084028229536|('Martes', 'RF')|98|2
(31, 101)|(4, 3)|0.9751890042329404|('Martes', 'RF')|98|2
(31, 99)|(4, 3)|0.8554670590075323|('Martes', 'RF')|98|2
(31, 62)|(4, 3)|0.9665152101991197|('Martes', 'RF')|98|2
(31, 55)|(4, 3)|0.9262229217692679|('Martes', 'RF')|98|2
(29, 136)|(3, 4)|0.8331861211545154|('RF', 'Martes')|98|2
(29, 116)|(3, 4)|0.8119158144441508|('RF', 'Pine_marten')|98|2
(29, 114)|(3, 4)|0.7781979599473574|('RF', 'Pine_marten')|98|2
(29, 113)|(3, 4)|0.4787604715019107|('RF', 'Stone_marten')|98|2
(55, 63)|(3, 4)|0.9744201828888955|('RF', 'Martes')|98|2
(29, 104)|(3, 4)|0.694341399003891|('RF', 'Martes')|98|2
(29, 98)|(3, 4)|0.7698209351117293|('RF', 'Martes')|98|2
(29, 63)|(3, 4)|0.8274315327650145|('RF', 'Martes')|98|2
(29, 56)|(3, 4)|0.7956458109605351|('RF', 'Martes')|98|2
(29, 31)|(3, 4)|0.9038374878071963|('RF', 'Martes')|98|2
(165, 193)|(1, 4)|0.8144837820714521|('EUGJ', 'Martes')|74|2
(150, 198)|(2, 4)|0.6155557516713651|('WC', 'Beech_marten')|86|2
(150, 197)|(2, 4)|0.5889913235713196|('WC', 'Pine_marten')|86|2
(78, 150)|(4, 2)|0.12397335717015097|('Martes', 'WC')|86|2
(77, 198)|(2, 4)|0.4730841280094838|('WC', 'Beech_marten')|86|2
(77, 197)|(2, 4)|0.5101711904316178|('WC', 'Pine_marten')|86|2
(77, 78)|(2, 4)|0.9580599434324009|('WC', 'Martes')|86|2
(76, 198)|(3, 4)|0.4918631693898663|('RF', 'Beech_marten')|86|2
(76, 197)|(3, 4)|0.5272243451394361|('RF', 'Pine_marten')|86|2
(29, 102)|(3, 4)|0.8148564699025626|('RF', 'Martes')|98|2
(55, 98)|(3, 4)|0.9559499114181808|('RF', 'Martes')|98|2
(171, 192)|(1, 4)|0.07732406220014042|('EUGJ', 'Martes')|74|2
(55, 104)|(3, 4)|0.8171942830042211|('RF', 'Martes')|98|2
(63, 138)|(4, 3)|0.9330603311830393|('Martes', 'RF')|98|2
(98, 99)|(4, 3)|0.9851660300628791|('Martes', 'RF')|98|2
(63, 125)|(4, 3)|0.9602727813176969|('Martes', 'RF')|98|2
(63, 103)|(4, 3)|0.9317509444596034|('Martes', 'RF')|98|2
(63, 101)|(4, 3)|0.8738223244987127|('Martes', 'RF')|98|2
(63, 99)|(4, 3)|0.9619273858442099|('Martes', 'RF')|98|2
(62, 136)|(3, 4)|0.9181587465255343|('RF', 'Martes')|98|2
(62, 116)|(3, 4)|0.8295187829435222|('RF', 'Pine_marten')|98|2
(62, 114)|(3, 4)|0.8789235718410506|('RF', 'Pine_marten')|98|2
(62, 113)|(3, 4)|0.6679538407011164|('RF', 'Stone_marten')|98|2
(62, 104)|(3, 4)|0.7638623409984853|('RF', 'Martes')|98|2
(63, 135)|(4, 3)|0.9357134206125721|('Martes', 'RF')|98|2
(62, 102)|(3, 4)|0.9243180676737771|('RF', 'Martes')|98|2
(62, 63)|(3, 4)|0.9348054552588045|('RF', 'Martes')|98|2
(56, 138)|(4, 3)|0.9405169158776648|('Martes', 'RF')|98|2
(56, 135)|(4, 3)|0.9173416761128365|('Martes', 'RF')|98|2
(56, 125)|(4, 3)|0.9656139824995853|('Martes', 'RF')|98|2
(56, 103)|(4, 3)|0.9095079279077022|('Martes', 'RF')|98|2
(56, 101)|(4, 3)|0.8537004677696991|('Martes', 'RF')|98|2
(56, 99)|(4, 3)|0.9392276314890006|('Martes', 'RF')|98|2
(56, 62)|(4, 3)|0.9323846435325659|('Martes', 'RF')|98|2
(55, 136)|(3, 4)|0.9031498413681589|('RF', 'Martes')|98|2
(55, 116)|(3, 4)|0.8073908962670542|('RF', 'Pine_marten')|98|2
(55, 114)|(3, 4)|0.9213279219389072|('RF', 'Pine_marten')|98|2
(55, 113)|(3, 4)|0.8362574737550896|('RF', 'Stone_marten')|98|2
(62, 98)|(3, 4)|0.8967826723144198|('RF', 'Martes')|98|2
(55, 102)|(3, 4)|0.9694025128099059|('RF', 'Martes')|98|2
(200, 205)|(1, 3)|0.896517471235796|('AGW', 'RF')|473|3
(137, 205)|(1, 3)|0.8966032817471316|('AGW', 'RF')|473|3
(205, 221)|(3, 1)|0.9551004927744239|('RF', 'AGW')|473|3
(205, 220)|(3, 1)|0.884702454292801|('RF', 'AGW')|473|3
(8, 10)|(3, 2)|0.5075681155105208|('CF', 'AWC')|1008|4
(105, 144)|(2, 3)|0.9365698454085081|('BFC', 'CF')|1008|4
(105, 145)|(2, 3)|0.3186588134727715|('BFC', 'BEF')|1008|4
(105, 180)|(2, 3)|0.9632278831070735|('BFC', 'CF')|1008|4
(143, 144)|(1, 3)|0.6136636797172685|('BBJ', 'CF')|1008|4
(143, 145)|(1, 3)|0.5003076098710412|('BBJ', 'BEF')|1008|4
(143, 180)|(1, 3)|0.6514071568703069|('BBJ', 'CF')|1008|4
(72, 73)|(4, 1)|0.2977296079008526|('HB', 'BBJ')|1035|4
(72, 120)|(4, 2)|0.8818915563774314|('HB', 'AWC')|1035|4
(72, 126)|(4, 1)|0.2814441481340045|('HB', 'BBJ')|1035|4
(72, 127)|(4, 1)|0.09842334491939375|('HB', 'BBJ')|1035|4
(73, 120)|(1, 2)|0.5780756563423838|('BBJ', 'AWC')|1035|4
(120, 126)|(2, 1)|0.6292539691486404|('AWC', 'BBJ')|1035|4
(120, 127)|(2, 1)|0.43726506608114896|('AWC', 'BBJ')|1035|4
(7, 105)|(3, 2)|0.4210465812629313|('BEF', 'BFC')|1008|4
(7, 24)|(3, 2)|0.5981689825465477|('BEF', 'AWC')|1008|4
(7, 10)|(3, 2)|0.192813146219611|('BEF', 'AWC')|1008|4
(7, 9)|(3, 1)|0.2624395212033971|('BEF', 'BBJ')|1008|4
(105, 143)|(2, 1)|0.5090117703520675|('BFC', 'BBJ')|1008|4
(30, 143)|(3, 1)|0.5042797099835854|('BEF', 'BBJ')|1008|4
(30, 105)|(3, 2)|0.34931999729709495|('BEF', 'BFC')|1008|4
(24, 180)|(2, 3)|0.9392393830750535|('AWC', 'CF')|1008|4
(8, 24)|(3, 2)|0.786184058115159|('CF', 'AWC')|1008|4
(8, 105)|(3, 2)|0.6618701126014552|('CF', 'BFC')|1008|4
(8, 143)|(3, 1)|0.3761501569581095|('CF', 'BBJ')|1008|4
(9, 10)|(1, 2)|0.6538783827819856|('BBJ', 'AWC')|1008|4
(9, 24)|(1, 2)|0.5042585373518846|('BBJ', 'AWC')|1008|4
(7, 143)|(3, 1)|0.18089665494826612|('BEF', 'BBJ')|1008|4
(9, 105)|(1, 2)|0.5376434169438055|('BBJ', 'BFC')|1008|4
(9, 144)|(1, 3)|0.6095093743169668|('BBJ', 'CF')|1008|4
(9, 145)|(1, 3)|0.566893704923277|('BBJ', 'BEF')|1008|4
(9, 180)|(1, 3)|0.6760639186689619|('BBJ', 'CF')|1008|4
(10, 30)|(2, 3)|0.28406089327089823|('AWC', 'BEF')|1008|4
(10, 143)|(2, 1)|0.5996450602769159|('AWC', 'BBJ')|1008|4
(10, 144)|(2, 3)|0.9646769996525902|('AWC', 'CF')|1008|4
(10, 145)|(2, 3)|0.24652908923331177|('AWC', 'BEF')|1008|4
(10, 180)|(2, 3)|0.9508495088687406|('AWC', 'CF')|1008|4
(24, 30)|(2, 3)|0.4624717220684471|('AWC', 'BEF')|1008|4
(24, 143)|(2, 1)|0.4684259806080958|('AWC', 'BBJ')|1008|4
(24, 144)|(2, 3)|0.8675919899189204|('AWC', 'CF')|1008|4
(24, 145)|(2, 3)|0.4417199184345686|('AWC', 'BEF')|1008|4
(8, 9)|(3, 1)|0.5675773998937474|('CF', 'BBJ')|1008|4
(9, 30)|(1, 3)|0.5417133097849024|('BBJ', 'BEF')|1008|4
(210, 211)|(3, 1)|0.8305524765593869|('RF', 'Coyote ')|451|5
(209, 211)|(3, 1)|0.7819869045247838|('RF', 'Coyote ')|451|5
(34, 35)|(4, 2)|0.7487922227440623|('Martes', 'LC')|244|5
(35, 156)|(2, 3)|0.5537037633686033|('LC', 'RF')|244|5
(155, 156)|(4, 3)|0.9936657045250841|('Martes', 'RF')|244|5
(208, 211)|(3, 1)|0.28975914323637975|('RF', 'Coyote ')|451|5
(177, 239)|(1, 2)|0.8245167668281967|('EUGJ', 'LC')|57|5
(177, 226)|(1, 2)|0.7304683186404847|('EUGJ', 'LC')|57|5
(175, 239)|(1, 2)|0.6681507263481222|('EUGJ', 'LC')|57|5
(34, 156)|(4, 3)|0.827553077069079|('Martes', 'RF')|244|5
(164, 177)|(2, 1)|0.7456726659624882|('LC', 'EUGJ')|57|5
(175, 226)|(1, 2)|0.12037197779243289|('EUGJ', 'LC')|57|5
(163, 177)|(2, 1)|0.7545434751184082|('LC', 'EUGJ')|57|5
(163, 175)|(2, 1)|0.13699563218150032|('LC', 'EUGJ')|57|5
(158, 239)|(1, 2)|0.845107538728162|('EUGJ', 'LC')|57|5
(158, 226)|(1, 2)|0.26104337466223254|('EUGJ', 'LC')|57|5
(158, 164)|(1, 2)|0.26607869521718586|('EUGJ', 'LC')|57|5
(207, 211)|(3, 1)|0.5750275636106219|('RF', 'Coyote ')|451|5
(158, 163)|(1, 2)|0.2781430150204871|('EUGJ', 'LC')|57|5
(164, 175)|(2, 1)|0.1250943530135879|('LC', 'EUGJ')|57|5
(35, 155)|(2, 4)|0.5412086667560065|('LC', 'Martes')|244|5
(179, 219)|(2, 3)|0.2697108682620539|('LC', 'RF')|297|6
(179, 218)|(2, 1)|0.2154694180230116|('LC', 'EUGJ')|297|6
(218, 219)|(1, 3)|0.7909573763304227|('EUGJ', 'RF')|297|6
(240, 242)|(1, 2)|0.45064613901031253|('EUGJ', 'JC')|99|6
(149, 187)|(2, 1)|0.0830930797366972|('JC', 'EUGJ')|97|6
(54, 240)|(2, 1)|0.2884369093102214|('LC', 'EUGJ')|99|6
(86, 153)|(2, 1)|0.606738322660647|('JC', 'EUGJ')|159|6
(86, 87)|(2, 1)|0.9611346420977828|('JC', 'EUGJ')|159|6
(148, 149)|(1, 2)|0.8711034770850868|('EUGJ', 'JC')|97|6
(240, 243)|(1, 2)|0.3535805626842388|('EUGJ', 'LC')|99|6
(11, 184)|(1, 3)|0.624857232780368|('Coyote', 'GF')|1072|7
(184, 185)|(3, 2)|0.8462784455947315|('GF', 'BC')|1072|7
(11, 185)|(1, 2)|0.29616844239581813|('Coyote', 'BC')|1072|7
(183, 185)|(1, 2)|0.8149440483541803|('Coyote', 'BC')|1072|7
(183, 184)|(1, 3)|0.9259870053618319|('Coyote', 'GF')|1072|7
(214, 216)|(1, 3)|0.9817206190273158|('Coyote ', 'GF')|1073|7
(37, 38)|(1, 3)|0.9212461795077709|('Coyote', 'KF')|1073|7
(37, 59)|(1, 3)|0.6902054615696721|('Coyote', 'RF')|1073|7
(37, 61)|(1, 2)|0.8097174892177882|('Coyote', 'BC')|1073|7
(37, 212)|(1, 2)|0.6982362901939475|('Coyote', 'BC')|1073|7
(37, 213)|(1, 3)|0.7166076363541425|('Coyote', 'GF')|1073|7
(37, 215)|(1, 2)|0.710470655406323|('Coyote', 'BC')|1073|7
(37, 216)|(1, 3)|0.7103729604415072|('Coyote', 'GF')|1073|7
(38, 60)|(3, 1)|0.5890562447655876|('KF', 'Coyote')|1073|7
(38, 61)|(3, 2)|0.8090849807666463|('KF', 'BC')|1073|7
(38, 212)|(3, 2)|0.8178928368419764|('KF', 'BC')|1073|7
(38, 214)|(3, 1)|0.7870685056513819|('KF', 'Coyote ')|1073|7
(38, 215)|(3, 2)|0.7655806764609201|('KF', 'BC')|1073|7
(59, 60)|(3, 1)|0.8753994731735354|('RF', 'Coyote')|1073|7
(59, 61)|(3, 2)|0.6827229193777113|('RF', 'BC')|1073|7
(215, 216)|(2, 3)|0.9663690650489337|('BC', 'GF')|1073|7
(59, 212)|(3, 2)|0.6294962401579021|('RF', 'BC')|1073|7
(59, 215)|(3, 2)|0.5961745471522055|('RF', 'BC')|1073|7
(214, 215)|(1, 2)|0.9928199544870082|('Coyote ', 'BC')|1073|7
(213, 215)|(3, 2)|0.9843837761494938|('GF', 'BC')|1073|7
(213, 214)|(3, 1)|0.9950147729063593|('GF', 'Coyote ')|1073|7
(212, 216)|(2, 3)|0.9948580265754534|('BC', 'GF')|1073|7
(212, 214)|(2, 1)|0.9693235842598398|('BC', 'Coyote ')|1073|7
(212, 213)|(2, 3)|0.9865554283554776|('BC', 'GF')|1073|7
(59, 214)|(3, 1)|0.6108468934239978|('RF', 'Coyote ')|1073|7
(61, 216)|(2, 3)|0.9419152375057382|('BC', 'GF')|1073|7
(61, 213)|(2, 3)|0.9579946728341833|('BC', 'GF')|1073|7
(60, 216)|(1, 3)|0.5813675672778856|('Coyote', 'GF')|1073|7
(60, 215)|(1, 2)|0.5667489130676464|('Coyote', 'BC')|1073|7
(60, 213)|(1, 3)|0.5850199415890734|('Coyote', 'GF')|1073|7
(60, 212)|(1, 2)|0.5839205098024955|('Coyote', 'BC')|1073|7
(60, 61)|(1, 2)|0.7360099779848923|('Coyote', 'BC')|1073|7
(61, 214)|(2, 1)|0.9501694446907588|('BC', 'Coyote ')|1073|7
(33, 154)|(2, 1)|0.7953482318385559|('BC', 'Coyote')|11|8
(20, 189)|(2, 1)|0.8110352621390492|('BC', 'Coyote')|101|8
(32, 33)|(1, 2)|0.9064058119186363|('Coyote', 'BC')|11|8
(96, 97)|(1, 3)|0.9644757121669855|('Coyote', 'RF')|589|8
(95, 97)|(4, 3)|0.9612519177433211|('Badger', 'RF')|589|8
(95, 96)|(4, 1)|0.9069839492702922|('Badger', 'Coyote')|589|8
(88, 89)|(2, 1)|0.5602411837246325|('BC', 'Coyote')|465|8
(19, 20)|(1, 2)|0.9926394382908974|('Coyote', 'BC')|101|8
(19, 188)|(1, 2)|0.875881329318198|('Coyote', 'BC')|101|8
(46, 47)|(2, 1)|0.6474145604302587|('BC', 'Coyote')|183|8
(23, 47)|(3, 1)|0.8044181064970584|('RF', 'Coyote')|183|8
(23, 46)|(3, 2)|0.84273461359776|('RF', 'BC')|183|8
(20, 115)|(2, 1)|0.14191856159298266|('BC', 'Coyote')|101|8
(22, 47)|(2, 1)|0.6465467011674257|('BC', 'Coyote')|183|8
(21, 46)|(1, 2)|0.8653214600849548|('Coyote', 'BC')|183|8
(21, 23)|(1, 3)|0.7067831102905826|('Coyote', 'RF')|183|8
(21, 22)|(1, 2)|0.9712326292092202|('Coyote', 'BC')|183|8
(17, 47)|(2, 1)|0.6079931911833745|('BC', 'Coyote')|183|8
(17, 23)|(2, 3)|0.8418061156933647|('BC', 'RF')|183|8
(17, 21)|(2, 1)|0.844786439030594|('BC', 'Coyote')|183|8
(188, 189)|(2, 1)|0.9780707607538245|('BC', 'Coyote')|101|8
(115, 188)|(1, 2)|0.3214674808562359|('Coyote', 'BC')|101|8
(22, 23)|(2, 3)|0.7483432313890138|('BC', 'RF')|183|8
(222, 223)|(3, 1)|0.6238492605477133|('RF', 'AGW')|657|9
(94, 241)|(1, 3)|0.27917535782944336|('EUGJ', 'RF')|1044|9
(222, 225)|(3, 1)|0.7551865022222947|('RF', 'AGW')|657|9
(94, 121)|(1, 3)|0.30597081264704723|('EUGJ', 'IF')|1044|9
(222, 246)|(3, 1)|0.6922266835241847|('RF', 'AGW')|657|9
(16, 241)|(1, 3)|0.10294538051514394|('EUGJ', 'RF')|1044|9
(16, 121)|(1, 3)|0.1759682208455499|('EUGJ', 'IF')|1044|9
(111, 112)|(2, 1)|0.7762297508210609|('BC', 'Coyote')|810|9
(246, 247)|(1, 4)|0.49753865468301367|('AGW', 'HB')|657|9
(245, 247)|(3, 4)|0.6651499681903942|('RF', 'HB')|657|9
(245, 246)|(3, 1)|0.8247831314581996|('RF', 'AGW')|657|9
(244, 247)|(2, 4)|0.4595776295306522|('WC', 'HB')|657|9
(244, 246)|(2, 1)|0.4417331672247515|('WC', 'AGW')|657|9
(244, 245)|(2, 3)|0.6076432109044331|('WC', 'RF')|657|9
(225, 245)|(1, 3)|0.8496522594937533|('AGW', 'RF')|657|9
(225, 244)|(1, 2)|0.6454313163423284|('AGW', 'WC')|657|9
(224, 247)|(3, 4)|0.49994390273959666|('RF', 'HB')|657|9
(222, 244)|(3, 2)|0.4192707965261823|('RF', 'WC')|657|9
(224, 246)|(3, 1)|0.6914916273061653|('RF', 'AGW')|657|9
(224, 225)|(3, 1)|0.7582709730616285|('RF', 'AGW')|657|9
(223, 247)|(1, 4)|0.31872872877188924|('AGW', 'HB')|657|9
(223, 245)|(1, 3)|0.7753749926516629|('AGW', 'RF')|657|9
(223, 244)|(1, 2)|0.7341154552520696|('AGW', 'WC')|657|9
(223, 224)|(1, 3)|0.6269207119607534|('AGW', 'RF')|657|9
(222, 247)|(3, 4)|0.5346201222474285|('RF', 'HB')|657|9
(224, 244)|(3, 2)|0.4009078033428789|('RF', 'WC')|657|9
(225, 247)|(1, 4)|0.37833158697913033|('AGW', 'HB')|657|9
(81, 82)|(3, 1)|0.869592791431305|('CF', 'BBJ')|445|10
(81, 83)|(3, 2)|0.8245125689018884|('CF', 'WC')|445|10
(82, 83)|(1, 2)|0.6892051666967818|('BBJ', 'WC')|445|10
(0, 1)|(3, 1)|0.6895322301022102|('SF', 'SSJ')|548|10
(0, 2)|(3, 4)|0.8264835913141096|('SF', 'Viverra_civeta')|548|10
(1, 2)|(1, 4)|0.9354327638685208|('SSJ', 'Viverra_civeta')|548|10
